Category_or_Stream,TagName,TagId
Category,4X,7304b834-d065-47d5-9865-c19cd17d2639
Category,Action,4d1eaa36-f750-4862-b7e9-d0a13970d535
Category,Adventure Game,80427d95-bb46-42d3-bf4d-408e9bdca49a
Category,Arcade,7ff66192-68ef-4b69-8906-24736bf66ed0
Category,Autobattler,cd2ee226-342b-4e6b-90d5-c14687006b04
Category,Card & Board Game,8d39b307-d3ad-4f4a-98a4-d1951f55ceb7
Category,Creative,e36d0169-268a-4c62-a4f4-ddf61a0b3ae4
Category,Driving/Racing Game,f5ed5bd0-78cb-4467-8e13-9172a210b64d
Category,Educational Game,366847c7-b25b-47aa-8e77-e7ec4cdbe9ae
Category,Fighting,9751ee1d-0e5a-4fd3-8e9f-bc3c5d3230f0
Category,Flight Simulator,10d820bb-a0a9-40df-b0d3-fe32b45419ee
Category,FPS,a69f7ffb-ddda-4c05-8d7d-f0b24975a2c3
Category,Gambling Game,71265475-e0b0-411e-a0cf-b93c33848b2b
Category,Game Overlay,8d7a3c7e-032b-4305-846a-baee8ff480c9
Category,gameawardnominees,19bd45f9-3e97-4913-993d-6ec0bd914b66
Category,gameawardwin,a80cf929-45e8-4528-956f-196572f1609b
Category,Hidden Objects,5bc9bf16-141f-4f12-aeff-9fb769a7165a
Category,Horror,cf0f97ad-efb8-4494-83ec-6a11ca30261b
Category,Indie Game,d72d9de6-1df8-4c4e-b6a2-74e6f4c80557
Category,IRL,2610cff9-10ae-4cb3-8500-778e6722fbb5
Category,Metroidvania,537f5d21-9ca0-4632-84f3-9a29a761d66d
Category,MMO,643fe658-c4fc-45f0-9aed-cbe54a7c1d10
Category,MOBA,12510423-d1f6-4992-8aea-1441a43d1df4
Category,Mobile Game,84719fd0-8b81-4c0f-900d-f78860b1194e
Category,Mystery,6540ed8d-3282-44df-a592-887b37881846
Category,Open World,a682f560-5186-4871-b97a-8d8e3f4308e9
Category,Party,b1e92364-cbda-4033-92fc-e01094c1753f
Category,Pinball,9386024f-db7e-4e4f-b8df-a73e354c5bc2
Category,Platformer,5d289cf9-d75a-42b5-a635-0d117609e6a6
Category,Point and Click,0c99bf18-5a92-4257-8974-d7a60088d1e8
Category,Puzzle,7616f6ea-7e3d-4501-a87c-c160d2bc1849
Category,Rhythm & Music Game,c8bb9d08-8202-42f8-b028-c59ac1aafe76
Category,Roguelike,cad488fb-c95c-4be1-b197-5b851d3a12fa
Category,RPG,9d38085e-ee62-4203-877b-81797052a18b
Category,RTS,3e30c47a-26c0-4dd3-9c3a-9cd6ad35589c
Category,Shoot 'Em Up,e607b115-8fa1-49c1-acdf-f6927be4ca1b
Category,Shooter,523fe736-fa95-44c7-b22f-13008ca2172c
Category,Simulation,22e434b6-ca88-46e8-91ef-c18ee1cb8a67
Category,Sports Game,0d4233af-7ac6-49da-937d-e0f42b7db187
Category,Stealth,0472bab0-e068-49b3-9bb8-789fdfe3c66a
Category,Strategy,857fce92-df0c-4c8c-8c60-28e0c5f7d8ae
Category,Survival,ae7d0652-8b2e-476b-8b51-a076550b234f
Category,Visual Novel,2ab93d0f-a3c1-4bb1-aeb0-bfee1bb81e3a
Stream,1 Credit Clear,621fb5bf-5498-4d8f-b4ac-db4d40d401bf
Stream,100%,e659959d-392f-44c5-83a5-fb959cdbaccc
Stream,12 Hour Challenge,a31daeb5-edc2-4b29-afa1-84c96612836d
Stream,32X,daedc68b-34a9-4664-b594-ebf61bdbaa75
Stream,3D Modeling,b97ee881-e15a-455d-9876-657fcba7cfd8
Stream,3D Printing,6803fe7e-4e3d-4369-a8ae-1dc2afb758f9
Stream,3DS,22b2fa33-5edd-4bb1-b5f6-9f059121f9cd
Stream,A11y,358f9adf-967c-4052-bf14-287c75997a25
Stream,Abkhazia,4908bd55-2809-4e4b-bcc3-c7dd2f9a0ade
Stream,Achievement Hunting,27937cec-5cfc-4f56-b1d3-f6e1d67735e2
Stream,Acoustic,eea4d45b-52e0-4a16-b0df-64f4c55bc716
Stream,Action Sports,a7133612-c49e-4015-98b9-1ace40a65dda
Stream,ADD,326bf42d-75ab-4701-9862-faf0c6e24fc8
Stream,ADHD,2193eee1-b8f0-43bd-a6d9-dba8a67528a1
Stream,Afghanistan,e338363b-f3b4-4a27-9ead-d4286db06ba4
Stream,African American,481ba9ce-8101-4a42-b026-b6aa200fdd8c
Stream,African Diaspora,2569ccae-8c65-4946-8301-2595454a9a11
Stream,Agender,ed013c7c-c147-4de5-9a17-6b2a06f54bfe
Stream,Agnostic,3b5a2e0a-9c74-4bc9-bb6b-77fafa0a0320
Stream,Aland Islands,5cf35917-aed0-4012-be47-ed178fa4269b
Stream,Alaska Native,c53df541-7081-48d2-892c-2ff6c3817dc3
Stream,Albania,c63913dd-4459-46f9-91a2-2befd5cffd35
Stream,Algeria,4f40c142-b4ea-4f99-9028-3989d1933b67
Stream,All Bosses,860f0dc1-5d6b-4504-a3e2-eca15a1cb816
Stream,Ally,6131f3f8-67aa-4c2d-b9c3-daa8f95a850e
Stream,Alternative Music,57e81aba-c8ae-48aa-8fba-7a7eb9d3dd23
Stream,AMA,67259b26-ff83-444e-9d3c-faab390df16f
Stream,American Football,1942f267-26a3-4ee8-9aa0-48cc4aea988e
Stream,American Samoa,67fb070b-0a46-4074-89bd-bcbb64b8c31f
Stream,Amiga,ecf726fc-1531-45b5-abb5-9de4ef66b856
Stream,Amputee,f521e292-eac7-4c89-a16d-4f9b4bd8ebf2
Stream,Analysis,ef4f33d5-a6cb-4935-bc1d-97c818a1e39e
Stream,Andorra,3960f8c8-43ab-44b2-baf0-89a086882dc2
Stream,Androgynous,ad058fd2-2277-4f08-82af-d8564e10aec7
Stream,Anglo-Indian,023a3deb-d795-467d-9ddb-33ce5985697e
Stream,Angola,98571afc-225c-4c28-8840-86303ccf53f9
Stream,Anguilla,aab6c3ee-1bea-454a-8ee8-34beda9f096e
Stream,Animals,3dc8f084-d886-4264-b20f-8bd5f90562b5
Stream,Animation,e3a6b378-232b-4ec2-9a82-86b72851e09a
Stream,Anime,6606e54c-f92d-40f6-8257-74977889ccdd
Stream,Anniversary,b2c03e34-e7c2-4fcd-939a-6853838edce5
Stream,Antigua,12a3b917-bcd4-4902-9919-9e24de6c6855
Stream,Anxiety,d47ba636-e313-4887-ad18-237ef81a5161
Stream,Any%,c9193f35-a88f-4f03-af99-b73fe0db60f3
Stream,API 2022,9b622d9c-a3e6-4a1c-96b9-679c983bf909
Stream,Arab,10efb474-6975-4538-a1a7-e40ed8093dac
Stream,Arcane Premiere,b34abf4d-e4b4-44ba-bc91-3dfe5d04613a
Stream,Area Control,a7bd15ad-7d2b-4a4c-a7e9-e75a70b51e65
Stream,Arena,cc5eabb5-3f2c-41b5-b9b5-399a9b4d40ea
Stream,Argentina,3f88591b-21bd-43eb-94f2-c4fa9de34470
Stream,Armenia,856fa69e-b4ed-4e3e-938a-d67518b46900
Stream,Aromantic,6949aede-abc2-4ecf-b884-4a8f36256c94
Stream,Art Commissions,df448da8-7082-45b2-92ad-c624dba6551f
Stream,Aruba,23d34d4a-5db2-45a7-96cf-370df33c18fc
Stream,Asexual,95d688a2-0cd0-4cd2-8878-73a0d2eba34d
Stream,Asia-Pacific Server,708c1251-4550-486a-942f-a1dcaabb41c8
Stream,Asian,15530b1f-f40f-457c-8db2-23e0828518d9
Stream,Asian American,5f399c46-3d61-421e-94ae-1b4ef87e47b7
Stream,Assistive Technology,2c3b4430-41f2-4004-8e03-7a2cec3937ec
Stream,Atari,e820059e-880c-4d0f-905d-af55a4c3ab49
Stream,Atheist,cafbdbb7-b640-4bba-b52b-c07472f6e0f5
Stream,Athletics,72340836-353f-49bf-b9be-1aac4f658afe
Stream,Auditory ASMR,64d9afa6-139a-48d5-ab4e-51d0a92b22de
Stream,Australia,048c2c71-5ba9-4d71-b82e-8e0ed72a4785
Stream,Austria,1069ad0c-bcba-4a00-877d-61dd017cc17f
Stream,Autism,d5187ad5-af17-4b61-9ea9-e122f082952a
Stream,Autistic,205f8d84-fd7e-4fef-b3a5-86022cb3f2e6
Stream,Automotive,1400ca9c-84ea-414e-a85b-076a70d38ecf
Stream,Azerbaijan,204f1266-8000-4619-92a3-dd988ff3ea94
Stream,Backseating Allowed,96b6073f-450d-4248-8ed4-988e28f3f759
Stream,Badminton,dc7677bf-0ac5-45df-a4c3-5d395015f290
Stream,Bahamas,c8aa135e-8c2e-4a70-9e3f-e1c82b79ea84
Stream,Bahrain,a57c910e-2e38-49c6-b4b4-7382f28809be
Stream,Bajan,db3ddf9e-e711-4a87-85c0-3a78b4ca668a
Stream,Baking,31866a92-269d-4df3-a2fb-58081bf97378
Stream,Balance Training,8315b8d6-9837-4218-9bc1-3c0a3e5bb41d
Stream,Ballroom Dance,f6dda089-56ef-4fb5-b06e-ddeba46fb5f2
Stream,Bangladesh,a238a937-bbe5-436b-8d77-3fa035f0703d
Stream,Barbados,0832ff2b-6bd9-4792-b718-acaf39e2e0d7
Stream,Barbuda,67d93ea9-d540-4546-8325-172c2b6c4375
Stream,Baseball,57765528-fcd4-4942-95e5-c18ce13427f1
Stream,Basketball,c9ee687c-e233-4e60-9a32-70eda37581c7
Stream,Beginner Players,ad18ee82-c0b2-46d4-b4f9-d45994443bd7
Stream,Behind the Scenes,26befb18-4ddc-41c1-8d39-ffeada297428
Stream,Belarus,0a1db25d-ff21-43ed-993d-b4ca7cb62092
Stream,Belgium,807277ea-cbd7-46fc-8b96-bc4d7ccb55de
Stream,Belize,fc36ba73-e249-4f0a-9ed5-c46d24ceda0e
Stream,Benin,d715edd0-1d3e-498f-b23c-11fff8514059
Stream,Bermuda,bd154746-afdf-4bad-becf-6d986e6c58c3
Stream,Bhutan,b5ba6f48-9d5b-41d8-9401-51a245246773
Stream,Billiards,7706b4a4-a582-4e85-9ad6-c4508687c278
Stream,Bipolar Disorder,c51a3b9a-f7d6-464e-a6a0-3e2fac85a543
Stream,Biracial,093c109e-e2c8-4ad6-9bd5-edf640cf3bf2
Stream,Biromantic,abf7f706-02e4-438a-8a49-41b736a82275
Stream,Birthday,6c27ea04-fceb-4a13-8e5e-2c500432c7ff
Stream,Bisexual,ede26632-aa15-4a55-af9b-d2775b00c4c3
Stream,Black,4e6a9848-6f70-4172-b233-3df36e2e3120
Stream,Blind,b7453475-5504-44aa-9b1c-6b4c885aeaf1
Stream,Blindfolded,2e048a36-0e6a-4322-a16b-45dd0268c9bf
Stream,BlizzCon,0c86fabf-317f-41e5-9eda-bd9880d70375
Stream,Blues,26bb14e0-0b3e-4f7c-9701-16367b6d55e3
Stream,BMX,e62cb1d5-a47d-4690-a373-fe4c0856f78b
Stream,Body Painting,d11b9289-806a-403b-945a-afb47ad2eea5
Stream,Body Positive,150f13a5-b1ce-4e85-a61f-7cfed2e2e08c
Stream,Bolivia,88c4db44-ab3b-4921-b0aa-48a5d811ecf4
Stream,Bonaire,e78454ec-aae7-4a7a-b5af-745288ad68ee
Stream,Borderline Personality,f541e89d-6676-467e-9b15-5d204692ef40
Stream,Boricua,8a5c88bc-084c-4d10-be35-64e4bcf445a0
Stream,Bosnia,37d1d62a-b3f1-437d-8b0e-e888320dc9f0
Stream,Botswana,2db3682a-f98c-45ec-9074-a8ec199eb280
Stream,Boxing,458f2d82-70b2-4b08-89dd-adc6835c3683
Stream,Brazil,988c8c1b-b991-4b66-9a6d-b36f60363f6d
Stream,Brewing,0c091738-2e83-4293-be16-6a2a77200399
Stream,Brickbuilding,f1e3759c-35b3-4858-a50f-8f9cafc2660f
Stream,British,74204ae8-61d6-410c-b9a4-1207654b17ad
Stream,Brunei,08d2dba2-90b0-4820-9cc4-4b05135b4503
Stream,Buddhist,7e4c126c-7f08-4109-a78e-8412c709f50e
Stream,Bulgaria,d40bdfd9-7890-49c7-9cda-3d074a087d57
Stream,Burkina Faso,2fb6f5f8-24d8-4c47-a0ea-8b5896b722d1
Stream,Burundi,9db446b2-1d55-4e51-b8a3-baf53337308f
Stream,Business,c38aeb6e-e8c7-452a-88e1-a3ed62c2e846
Stream,C#,c8f444c9-774a-4bbc-9669-f5eabb915c42
Stream,C++,2b194c54-bc5f-4c4c-85f7-32f03ab0fd7c
Stream,Cabo Verde,30ca95eb-8819-42c5-b8ec-028cdd0b9503
Stream,Cambodia,30a72530-e94f-4961-801d-8c506355df26
Stream,Cameroon,9468a13a-b16a-46c7-b49f-75c89f362981
Stream,Campaign Planning,1648d895-0548-4355-bdce-09c6fe3c4d21
Stream,Canada,315618b7-c996-443d-a993-e8d5cdb5d1bd
Stream,Caribbean,e4c596f5-49b8-41dd-a05b-940205d12020
Stream,Cash Game,eeea68da-c4b8-4268-b17a-eb0f30286843
Stream,Casual Playthrough,cc8d5abb-39c9-4942-a1ee-e1558512119e
Stream,Cayman Islands,1399206f-7ddb-4044-b347-ab2490fb7895
Stream,Central African Republic,e2195c02-4efb-4118-85fa-da4ac66868df
Stream,Central Asian,64843745-a191-4724-a257-d59214d189da
Stream,Ceramics,42d950b3-e90f-4ef0-a22a-5e6a31d67ba5
Stream,Chad,5d7b7078-ea24-4547-b50a-c02f3d490dd7
Stream,Challenge Run,81df4005-f654-40b2-9fc0-9fd767bc8e3e
Stream,Character Creation,5e798958-88a4-474a-bd7f-07178a0def0c
Stream,Charity,bb5e7234-380e-48ad-a59c-03e51274e478
Stream,Chatty,afc8211a-8eee-48b8-9e18-212f22f657db
Stream,Chicana,3148bf0d-01d1-4fad-8429-db6176f3ab53
Stream,Chicano,4c96902c-6351-4d41-9046-6f625fd14319
Stream,Chicanx,b1296a03-28c1-44f5-97bc-65c2f776b3b0
Stream,Chile,5c22e65e-dc0e-4611-bc4c-85b7de3dd013
Stream,Chilled,81e9d348-82e5-4c4f-a140-d2b3779b912d
Stream,China,393deddd-16d8-44c3-be74-6e153b55ea34
Stream,Christian,7535ec0d-37d4-4c7b-bb4f-40882f50f89a
Stream,Christmas Island,d0f3e550-e782-49d4-bd60-42d423848519
Stream,Chronic Illness,7f653d60-941d-46ca-8592-773d991431c8
Stream,Classical,60b8f13e-7022-481a-afff-07de3db129cc
Stream,Closed Captions,8a01ea18-df97-4046-9cff-a9a822bb96e5
Stream,Co-Stream,adb55316-f1ab-4f81-9ff5-17da7719d0ee
Stream,Co-Working,0739209c-9ef5-4ae0-997c-ccbeb864ca61
Stream,Coaching,62bc5436-6f91-446d-9651-da008da4e4bb
Stream,Colombia,1b2dd9ce-f199-4018-9249-7d4a079d2cdb
Stream,Color Blind,d46efe46-ba1c-475b-ae30-a295c45b3878
Stream,Coloring,319e29b7-9b61-4f0b-ad11-43e4c01ca697
Stream,Comics,1d712738-c298-4ff9-9c15-671ae9a77b7c
Stream,Commodore 64,2de1a05c-77dc-4bd3-afbc-4c07e85e3624
Stream,Comoros,59c05a9e-1f3d-494b-bddc-a9942ac1a4ca
Stream,Competitive,1eba3cfe-51cc-460a-8259-bc8bb987f904
Stream,Composing,049c2888-172c-4b36-a964-cdfad1051604
Stream,Congo,6799517d-f737-44a9-bcca-51abc3a6bce5
Stream,Contemporary Dance,48f31aeb-6f50-4c78-a13d-b9bb47a8b745
Stream,Controller,e866e85a-1e67-4db0-b588-7fa66bb3879e
Stream,Convention,1e399a95-33f1-47c6-9511-adfb1d72a61a
Stream,Cook Islands,c8e8832b-2247-4974-a91e-229030658219
Stream,Cooking,c267da2b-097a-4d7d-bb34-4b08498ac1a4
Stream,Cooperative,63e83904-a70b-4709-b963-a37a105d9932
Stream,Cosplay,2ffd5c3e-b927-4749-ba53-79d3b626b2da
Stream,Costa Rica,735253a8-74c2-45cf-a973-d1b58c2e25ce
Stream,Country Music,ebb68e1c-7291-4350-a8f4-44b484f1da2f
Stream,Cozy,adc4a830-07f5-457b-95e5-5ab6cc1f9af3
Stream,Crafting,541dad34-35c6-4431-a1f5-9d7e8a5b5b3a
Stream,Cricket,617e45cb-1c58-43ef-b5f3-050dbd8ae7ca
Stream,Croatia,20be55bd-a3b3-40c4-b3d2-0f656eeb987a
Stream,Crocheting,c50b4290-44da-4f41-94bd-1a64325aab08
Stream,Cross-Stitch,572bbbbc-ab94-4cbd-8c1f-649d856267b5
Stream,Cuba,5ae524b5-1bc5-4b5d-b26a-fc77fb1cff38
Stream,Cuban,af40eaba-004c-4f85-b33f-e4af89e98d5a
Stream,Curacao,380b52d7-b9b5-400b-9909-92c99bf643e2
Stream,Cycling,d5713b1e-c796-4bdc-88e2-93c49ce31136
Stream,Cyprus,c5b78a5a-efbf-455c-a155-740bc4ee7b0b
Stream,Czech Republic,4dac7941-a537-463c-9d1d-2cf6db72dd3c
Stream,d/Deaf,9dd0468a-2aa6-43fc-a74e-8cae960dc5e0
Stream,Dance Music,9f1b01a8-87b9-4e25-94de-8705c1c1f4dc
Stream,Deck Construction,3bbf3e11-717e-46af-aec3-37e4f9216db4
Stream,Demisexual,6ac1c057-a758-4527-a0e8-e11dfdafffe9
Stream,Denmark,fbba8531-a4ab-4b48-bb1c-5c2e643e8daa
Stream,Depression,c1ea4496-4418-4a4f-bc30-083cfc6a616b
Stream,Design,7b49f69a-5d95-4c94-b7e3-66e2c0c6f6c6
Stream,Desktop Development,a106f013-6e26-4f27-9a4b-01e9d76084e2
Stream,Dice,5cf2121f-fff0-4375-84a7-4119d54a8b95
Stream,Digital Art,02ba4017-ed3b-4b82-ab20-011860784f77
Stream,Disabled,5532e712-9d64-4830-8ff9-ce83b8dcebfa
Stream,Disabled Veteran,ab68cb28-d9fd-47ba-b7d6-ffd82165a750
Stream,Dissociative Disorder,e57c1bca-b46d-409b-a09f-2919dace5b72
Stream,DJ,d81d54c8-d705-4df6-aaf0-01d715c1dbcc
Stream,Djibouti,80c09e26-054f-457e-ada6-abd78f37d628
Stream,Dominica,5bc819b0-78b6-49d3-b0a4-cb2da50a35e6
Stream,Dominican Republic,06ee2762-e450-4b10-8d74-c490bef92d17
Stream,DOS,d7fae33a-0dd4-4516-a052-dc0188240663
Stream,Down Syndrome,2b239b05-3cec-4289-9ae6-0ec5b47bf969
Stream,Downtempo,f7c66388-34d7-4ac7-b171-b6a18053cae9
Stream,Draft,90cde8f1-1372-4c65-baac-0eb888c098bc
Stream,Drag,011f7c20-f533-4ad1-8093-8c6f8f75bc4c
Stream,Dragon Con,d2e34e61-fbeb-4c70-9c98-474fce8df9e2
Stream,Drawing,f2d10665-9980-452a-b091-f0ca30777d4b
Stream,Dreamcast,c1a5ce31-8d28-4c5a-b2e0-541ae5605963
Stream,Dreamhack,c8b3c2eb-8e4b-478e-b4e7-4f01cc4dc34a
Stream,Drones,aa971bdc-a28d-4a33-a686-f112c764e73b
Stream,DS,4f7bf28c-fef9-442e-a1c9-d72c89baa02e
Stream,DSi,32481726-1ec8-44ce-933c-c1c101414a85
Stream,Dubstep,4d580385-6b91-4cee-aedf-0d79ea956694
Stream,Duos,2e037750-5051-44ea-a51f-7a376bbacb29
Stream,Dwarfism,92c8b6f7-924b-46be-8d04-7c44cfc3d15d
Stream,Dyscalculia,4d683742-a577-4c72-ac01-e2aa50a3fbc2
Stream,Dysgraphia,ca8f9d48-75bd-4ed7-a090-13a4d179b654
Stream,Dyslexia,707bc174-a7e6-4cba-bb4b-40c6adcca6e7
Stream,Dyspraxia,e203d10c-6cb7-4584-b445-f490bcfcae58
Stream,E3,d27da25e-1ee2-4207-bb11-dd8d54fa29ec
Stream,Early Access Play,87461f91-8a5c-4233-92fd-38f321b8970d
Stream,East Asian,9cdc7436-a58b-49c2-9828-5060c5d271e8
Stream,East Timor,e6b160b7-8804-4d59-b9e2-7b8b74ff062e
Stream,Easy Mode,1eea2343-ca8e-4606-ab21-5c64e129f6db
Stream,Ecuador,994329e7-68cd-49c2-82fe-e62f2d59b4b1
Stream,Editing,325a32c7-7b8e-48f8-b4fa-10875f18bb6d
Stream,Educational,cea7bc0c-75a5-4446-8743-6db031b71550
Stream,EGX,2e70d83a-5f54-4c87-b6ba-ce2060e08cbb
Stream,Egypt,928340a0-7a66-405f-98cf-a702bdc4e34c
Stream,El Salvador,37f6783d-b801-4cfd-84dd-741189c5dd84
Stream,Electronic Music,338d7a92-8bcc-429e-a30c-9f1c41a2d79a
Stream,Embroidery,f7f1750d-4410-4b95-bb11-60ec5d3765f2
Stream,Emote Design,9ba743f4-85e4-40e2-a83c-c5b24aab797b
Stream,End Game,aeab850d-94ec-4af5-89a0-9eb1bf41558d
Stream,Endurance Training,3379ff9c-3c15-4bef-bfb8-2085cd196062
Stream,Engineering,dff0aca6-52fe-4cc4-a93a-194852b522f0
Stream,England,8bc6daab-8c15-4eb9-b533-a6417a213a93
Stream,Epic Level Characters,df262ff6-74d1-415b-942c-d584d44426c4
Stream,Equatorial Guinea,dfb89ec1-635f-42e5-8551-6c74c86f04d9
Stream,Eritrea,a6b8fd7e-07eb-4c86-85dd-3e7637f76a8c
Stream,Esports,36a89a80-4fcd-4b74-b3d2-2c6fd9b30c95
Stream,Estonia,5095b6db-2b4e-487a-8658-6fe92c496e60
Stream,Eswatini,1f7945a8-0d8c-43bf-baa5-b736f6817d75
Stream,Ethiopia,8fafcc87-36f9-4a43-8424-8a62b07d5240
Stream,EU Server,dcf598ca-b5de-47d4-af33-ecabe9eaeee1
Stream,Eurasian,37399e6c-54f9-4b2e-97a7-3dc03e289982
Stream,European,65174c7e-8b88-4ed9-9c63-d45beef62457
Stream,Evil Characters,0cef8341-8c67-481f-95a8-325932a6699c
Stream,Exploration,a4fac2cc-7cd4-44a6-b620-178182389a5b
Stream,Extra Life,3ef3258b-5623-41da-8f5f-169c716a84da
Stream,Eye-Tracking,3b977eed-90b5-4fef-a702-eab582a800d3
Stream,F#,9104b6e5-c5b2-4ef6-a370-83f126241838
Stream,Falkland Islands,dccf13f0-f8f1-4cea-8570-808ee42b0c6a
Stream,Family Friendly,e90b5f6e-4c6e-4003-885b-4d0d5adeb580
Stream,Fan Art,86bd38a4-8ef9-4e4a-892f-f4d0aa336d67
Stream,Fantasy Sports,cb00cfe5-ae4e-4e4f-a8f1-8fa6ddec6361
Stream,Farming,3ffbec21-97a2-43f9-bd73-4506a1b4d62c
Stream,Faroe Islands,50823c1d-502a-4f63-9ebd-c42dbd9e2db5
Stream,Fashion,246d6e4b-b9c6-442b-9573-77028839f194
Stream,Feminine,9d1fcbc7-0da5-4fe9-9249-d64bafddb403
Stream,Festival,2068d8f3-269c-43f2-9a00-82aeb3f0a3b8
Stream,FGC,3280c8d8-64c0-45f7-aeaa-189928b0e82c
Stream,Fiber Arts,79dc53e2-32d1-4e6b-8276-22102c150c1b
Stream,Fiji,7985534f-3779-454e-b8b4-b2e97b265e6c
Stream,Filipino,411e3710-decb-46fa-8f15-b4089a4441a5
Stream,Filming,812a0088-22a9-4944-bb27-af0fa37b6085
Stream,Finance,738d81a3-d79a-44a8-8351-b406d96b9cd9
Stream,Finland,0ceaa52d-5166-49a2-b92f-2cdcb05f1883
Stream,First Nations,aaa3d2af-c68c-4404-b9b7-7f09288f39f4
Stream,First Playthrough,d0976a7e-26a7-4a48-9225-c522808540f2
Stream,Fishing,db2a18b3-3800-4949-9454-4ef1851b9895
Stream,Flow Arts,276a3395-619d-4944-94f1-7118587f4d5f
Stream,Folk,22c54bdc-2637-4612-9a9f-883b33b9f69d
Stream,Football / Soccer,4ada413e-c7c4-4fc0-b3d6-ce4b98e0d5e3
Stream,Formula 1,eb33ecc9-abb3-4775-95ce-08500b7d2dfa
Stream,Fortune Telling,5464696d-e140-4625-94fd-1d0001e4b1ee
Stream,France,be60ae5e-d52d-4dc4-b2a1-51c351a35f3d
Stream,French Guiana,7d829b62-17cb-4a0c-9bf7-361b17b2c74e
Stream,French Polynesia,68639917-40ec-4217-9db1-bbfbb55398cf
Stream,Funk,4042b087-9c79-4358-8c99-b3c25e7deaa7
Stream,Furry,9e1c4d59-fb88-4b42-99ce-b2776358c547
Stream,Futsal,7f767c6f-c367-4ca9-9cc9-b6d07cc6d24b
Stream,G-Star,505e4b58-ad49-4c04-86a7-f7391cbf0b0a
Stream,Gabon,8760ce9b-0779-413b-8197-cf733e44f496
Stream,Gambia,431f7e61-40a0-4e57-bbda-d91cbd689bf7
Stream,Game Awards,068c541b-dc07-4d7f-a689-5578f90905a9
Stream,Game Boy,e18f6ba2-5908-490f-b836-6e048eb010fd
Stream,Game Development,f588bd74-e496-4d11-9169-3597f38a5d25
Stream,Game Gear,67497d06-bbcb-4f8e-ba0b-434cba186e02
Stream,Game Jam,c48e0bf4-7a1b-4ffd-893c-12e46e664f7f
Stream,Game Show,6a0c6ea2-84eb-42b1-a8bb-59fd684bfe1a
Stream,GameBlast,18f59f1f-993d-4f8a-b435-8129a84aab17
Stream,GameCube,8c228f9f-5218-4c7b-ae81-e4c31b88a1f3
Stream,gamescom,f61b8fe6-d22b-4f0b-ac99-cd852bc1b0b9
Stream,Gaming News,f4b7fa12-9f16-439f-a6b9-87efe9ecf3ba
Stream,Gardening,69b5f1ed-6224-49c2-8c87-708fe3850f0a
Stream,Gay,4c15e802-ee32-4145-8375-28ca39cd6560
Stream,GDC,db6f4909-bd28-420e-96b2-9934dd9c1c72
Stream,Gen Con,1a60fb07-26d0-450d-b777-f5414baabc28
Stream,Gender Variant,06959ec7-a49f-4eb7-9cd7-bf437f9c211b
Stream,Genderfluid,509d720a-1b07-4c03-a1b8-20ab0f3ceb7f
Stream,Genderqueer,eeca56e6-1dd4-4122-b5b6-d511886f700c
Stream,Genesis,ba282786-d3bd-4a62-8859-8ab1b5d52de6
Stream,Genetic Disorder,fd8be835-9f2e-44fd-9283-f6060dd1eeff
Stream,Georgia,17ff8561-e660-4a4c-8755-a0eaeda4f1b8
Stream,Germany,377a27f0-e3a6-4a02-99a2-8eca81163ca7
Stream,Ghana,edb45280-0eaf-4a7e-abb7-d1ad46065db5
Stream,Gibraltar,0a184509-f153-4bc1-8b66-37f11f6ea3e5
Stream,Glasswork,10e94b3e-333b-413a-989e-35635210c127
Stream,Glitch Hunting,d6de2e71-689a-4c47-ad61-6ec6182f9491
Stream,Glitched,5788eae8-312d-43b5-a0b6-465eda087617
Stream,Glitchless,d557fc7d-23da-48aa-87a4-35877fd57646
Stream,Godot Engine,89295d65-9346-48a3-99d7-0922cc8e9550
Stream,Golf,c1997ef1-94bb-48e1-89db-f5e56e7aad2c
Stream,Good Characters,ee1daaae-116a-44d6-9f40-09322caf3181
Stream,Graphic Design,0930677c-dd75-424d-9190-b779f3d1c136
Stream,Greece,96b25119-b70a-4160-8678-58a4f8843cb6
Stream,Greenland,53965931-b737-4136-a572-9abda64a4f02
Stream,Grenada,f0361f41-3424-492d-ba09-065feb9d6a90
Stream,Guadeloupe,64f4ff42-f8a4-46cf-9887-b6f03e4581ed
Stream,Guam,dacdf155-c6e6-4c42-9fc5-491fcba66168
Stream,Guatemala,d4803ecb-b26e-45fc-b395-abf94ff7611c
Stream,Guernsey,3cd11254-ece6-48eb-bc8e-78ae35ddcafe
Stream,Guinea,4e19c698-5bf0-43b3-9c47-8911cc813989
Stream,Guinea-Bissau,29d09a79-3264-475e-8ade-b59820237a2d
Stream,Guyana,b815f35b-d5b1-4efd-849d-51e15b75e0b0
Stream,Gymnastics,35d13143-2a0b-42e0-8881-e4c73878c5a3
Stream,Hair Styling,2dd8ed44-9043-4457-bb8d-e6c9a35e0b4d
Stream,Haiti,4ebe4f3f-8ba8-4048-b386-f2f33d226adc
Stream,Handball,76189ed0-4b77-4290-8b17-4973809f0401
Stream,Hapa,b4ab565d-0d61-48f3-83ca-cd2ff08bab39
Stream,Hard Mode,ba2c968b-867a-49ce-aebc-3d978a204f4a
Stream,Hard-of-Hearing,575f391b-b649-4946-8055-3ab8637ac2a4
Stream,Haskell,40b4ab92-3559-4574-a827-e8ba6e653b87
Stream,He/Him,3c9ad976-d429-4316-9d51-63e670335189
Stream,Healthcare,118bc042-fd4d-4b18-bfc7-4ebc8e6386d2
Stream,Herzegovina,81dc95dc-2e88-4a77-ac77-3bf3b8c3bc76
Stream,Hidden Identity,0e2fce97-3d1b-4cd0-bd04-b9f9e2907b91
Stream,High Score Attempts,2bc53bf2-3abb-42ec-949f-ca50f60d1022
Stream,Hiking,2a824c85-8c64-4a62-9532-84a50633c6fc
Stream,Hindu,8b6575a1-22e7-4285-9c4e-fd51ba1c20fc
Stream,Hip Hop,5f0c32b8-2bdf-47e2-ae63-9abc2fe61776
Stream,Hip Hop Dance,e2eab38e-8ce7-4b97-baaf-5f8e2296bfdd
Stream,Hispanic,40226bd9-e2f2-4f86-bde5-bb856d52a4f1
Stream,History,7e2022f8-924e-4a2f-bd67-92e5c051dc95
Stream,Hockey,c1ab2f2b-2065-47c9-9655-bb2cc280b7f1
Stream,Honduras,6e1cb318-6d8c-48af-9a79-b0840b861d55
Stream,Hong Kong,3b6e7ffd-f07e-4578-9bd2-61bc939a83ba
Stream,Horse Racing,e015369e-faab-4e36-a47f-e67ca4370715
Stream,House,55afc9b3-67c9-46a0-aaad-d2fc65202f1b
Stream,Hungary,89e56716-e596-4ae0-9410-962ca7aa8dc5
Stream,Hyped,2451599e-bbde-4184-a188-ff360af77b26
Stream,Iceland,72ea5ac0-bf06-4501-847c-39d55d992459
Stream,Illustration,dfaa4f24-e99f-430d-aa29-8fb2b2717ece
Stream,Improv,d6bf03b8-42f4-4981-b070-841c7457a9aa
Stream,India,afff1ab9-d03c-4820-834b-805e679ef434
Stream,Indie Music,e46ae70e-40a4-4b00-a1f3-a2f79721d1f6
Stream,Indigenous,2b60faa8-1589-4a39-882f-6e859ef9cd50
Stream,Indonesia,354e439a-d552-417e-8922-9b5dee7550f8
Stream,Inking,50a54ea7-c9f5-4b59-8056-32f10b0d6983
Stream,Instrumental,9d0e6082-403a-4693-b3a9-cc7de4c84866
Stream,Interactive,7e329e2d-60a1-4a87-9e59-41272c57ab42
Stream,Intersex,88b55c77-d2bd-42c0-a3ea-d44bfd967938
Stream,Interviews,c833db83-32d0-4026-b3df-637ccf7899fa
Stream,Inuit,d7704953-51b5-4e1c-a4a6-5802c7c9b57b
Stream,Invisible Disability,8c61b40a-6d96-46f7-a16e-16b5b9166150
Stream,Iran,4c71840b-49cc-4f26-bcbc-13b3550a6b2a
Stream,Iraq,76e2d879-eb99-455d-b956-559871472764
Stream,Ireland,2038d1dc-997e-4af1-95be-160a5c0bbdb0
Stream,IronMON,a1d09217-8afd-47a1-91f3-9d5fce2aaaff
Stream,Isle of Man,62d5b732-1b47-4233-a7c8-dd2c50a460b7
Stream,Israel,1697743b-e250-49e5-b614-aec4003eb571
Stream,Italy,8acfc70e-00ce-4900-9898-7e92a761b2d1
Stream,Ivory Coast,acc397a0-b2dd-4ee5-81e7-fcf7659adb4a
Stream,Jamaica,92866dbd-a4a0-4fa7-bcf7-999101b763c9
Stream,Japan,dc179e62-215f-4785-bbc5-385ef8f1285b
Stream,Java,db2217e3-bed5-419a-9143-550aa15451c8
Stream,JavaScript,b741fd1d-e96d-49b8-9f2d-03a631c33e04
Stream,Jazz,2892b8a9-5234-4de1-a575-9d7b00401f64
Stream,Jersey,bf290a13-700d-4e7c-b871-9473c7ef5867
Stream,Jewelry Making,54107c64-4d7b-4235-bd1f-4da1ef3b5d64
Stream,Jewish,c3d08be0-01cd-45e2-b86a-1e09532084c1
Stream,Jordan,ec0ee877-6145-45fd-a012-23653c611c49
Stream,Journaling,38087bd0-3434-4055-a2ca-3d47ab36bb28
Stream,Jujutsu Kaisen Marathon,2682cdde-773f-4583-a85a-1767ce6823b1
Stream,K-Pop,b6b64b15-447c-4178-9609-d3d511123521
Stream,Kazakhstan,8c0ddcdd-49c0-4725-96d1-02caf6d1401c
Stream,Kenya,9001e158-b944-4a90-a3d4-191776fc9e67
Stream,Keyboard,152efe72-4911-4462-8c72-bb8a2b266ac2
Stream,KeyCaps,6e5ed4f2-ea10-4245-82c5-55e4c128eccf
Stream,Kiribati,2d73d25e-d9c3-4880-98cf-4f1dd4c91ad9
Stream,Knitting,6ec0d7d3-594f-49a1-a86f-34e9b920621d
Stream,Korea,0cf86924-7940-4e8c-8984-5fbaaca4cd2d
Stream,Kosovo,29c8115f-966e-4fc6-99df-cbfb93f19806
Stream,KR Server,a1732569-de54-4b75-8a17-07744179f6d9
Stream,Kuwait,d3c1a49b-86ac-43d2-b918-75178668bff4
Stream,Kyrgyzstan,11713db9-1cfb-4804-866c-bab522d49a22
Stream,Lacrosse,d1fc20b0-3075-4433-bd23-c548620e5b4a
Stream,Laos,068e12a6-87fa-4239-9783-741a05c9c907
Stream,Latin Music,e6be5e22-30e0-4b34-89f1-092564cc8462
Stream,Latina,4b8344f2-9b47-4924-9b5b-9cee534d33a9
Stream,Latino,38fe29d8-b8b9-446f-b2cb-47ef84098510
Stream,Latinx,fa18b56b-793e-434f-883b-16e7f46933f7
Stream,Latvia,82708929-1522-4d74-959f-d048fd522719
Stream,League,e85e4ccb-41fa-45b4-9c3a-f37807af3a5a
Stream,Learning Disability,bbbce9d7-357d-4aec-bb08-a25718d36341
Stream,Leatherwork,1e95d7b4-8dac-4b5f-81d5-f963fdc5d989
Stream,Lebanon,c493d7e5-b94f-41bc-b0c2-179c75a2f285
Stream,Lesbian,e3982736-aa55-4b65-b5bd-829eb81f1b02
Stream,Lesotho,70b1f1cc-3559-4df0-8b60-4e8f754c2164
Stream,Let's Play,8ba227ca-073c-46a7-b3cc-193e52c5ab4d
Stream,Lettering,c5be8a99-b55a-4388-a0ce-bf3468984100
Stream,Level Design,85a78d1f-77e7-468e-a3e5-76ed7c99864b
Stream,Leveling,6433db3e-37a7-4590-915a-7c0949a4ac69
Stream,LGBTQIA+,8bbdb07d-df18-4f82-a928-04a9003e9a7e
Stream,Liberia,e74f7be5-9c71-4228-ab08-e983043e2ad5
Stream,Libya,b18555dc-fde5-49c6-b999-db7cc6451eff
Stream,Liechtenstein,7cfb2c73-4eb4-4988-bb72-73de88c81d9e
Stream,Linux,15f4833a-1691-4cc1-a4a5-020d130ac94d
Stream,Lithuania,92701ca1-766f-4e99-b448-957f9238ab7f
Stream,Live Vlogging,7a3d677a-1e09-4391-b520-1fccc0e7d6ca
Stream,Low%,a716383e-a9ff-4531-be5f-e25cdd7585d8
Stream,Ludum Dare,c8d6d6ee-3b02-4ae7-81e9-4c0f434941cc
Stream,Luna,7ace3c5e-b4a7-4c48-be5a-374789218311
Stream,Luxembourg,7b7c72c1-cd7a-4bdb-b5e6-204d96818569
Stream,Macau,d98dbb9c-f3a4-4360-b1a3-2a82260641bb
Stream,Madagascar,9cd9ff9f-c567-4d66-b71e-2a4b9f818740
Stream,Magic Tricks,1b70fcca-0579-446a-90d1-075c9ce62309
Stream,Makeup,52233ce2-9b31-4f67-8b39-12aea5df66bf
Stream,Malawi,a81dc45a-8506-47a5-b394-d1f5708919d5
Stream,Malaysia,a172bc86-3b7d-443d-935e-46625f5874bf
Stream,Maldives,35507b32-f64c-440f-a9dd-08cf70a01bff
Stream,Mali,0fda9434-8d87-4a39-a76e-17d73a1ab649
Stream,Malta,9f07793b-c21c-4371-b298-60000235e8c9
Stream,Man,34cd9d78-4b9f-4c3e-a747-bd6f2e15391b
Stream,Maori,06493fb2-1e6e-4148-9c63-d47e651c7688
Stream,Marathon,1706e401-a023-49fc-9b10-7bf73f59c940
Stream,Marshall Islands,225ad381-252c-43bd-93a8-979dae168ff9
Stream,Martinique,9ba7cd0f-459c-4d6f-826b-b32e704676a7
Stream,Masculine,09af5017-732d-41d9-b3c6-3cd706c3bc3d
Stream,Match Commentary,a005b174-b20e-46b1-8679-4589fef81c8e
Stream,Mauritania,43f6355f-6d90-4d6c-aa19-dbd5fad94c17
Stream,Mauritius,5c087762-73df-4bcb-898f-5a350f1501d5
Stream,Mayotte,ef9cc8aa-cd04-4d43-b612-e661be3012ed
Stream,Meal Prep,3ce58361-f147-441d-a7c9-e98e3e916a39
Stream,Meditation,59b9c259-62c3-4a1a-89d4-4a6f1070deb9
Stream,Meme Runs,ab45fcb7-a22d-4a07-b0ac-fb3940566fa7
Stream,Mental Health,589c4c39-a3cc-41fa-b70c-bf0b735fa21f
Stream,Metal Music,938fcad2-4d77-4a06-9e49-b75b0879b645
Stream,Metalwork,cee0e0bb-60b1-46a8-be53-ba46c05727b3
Stream,Metis,49c8134a-7979-43e7-b3db-87db9e37c8f7
Stream,Mexico,0bd3206d-008c-4f86-8261-896f1aedfd4d
Stream,Micronesia,7099bb66-a962-4bee-b2f7-c6a89fb2e265
Stream,Middle Eastern,c3ee1454-7621-4319-8f83-bd993753b280
Stream,Mindfulness,9801169b-afa4-4785-890e-53911955e4d7
Stream,Miniature Figures,54854b39-5f23-4ff2-b6a6-de0d2ff65107
Stream,Mixed Race,1a4077b4-3fcd-41fd-a832-0c62631390c9
Stream,Mixed Reality,ffc2deb9-cdac-4d5a-8554-381f165805ca
Stream,Mixology,b5cc71f3-4c4d-46ed-8041-2d5ecb525051
Stream,MMA,1a88aebe-e136-45f7-946c-f118f7e2dc51
Stream,Mobile Development,6e23d976-33ec-47e8-b22b-3727acd41862
Stream,Modded,9458de4e-6d35-422a-84a9-f243a49c212e
Stream,Mode: Adventure,36b47e6e-6cdf-46fa-a85e-bd18a64af7ad
Stream,Mode: Battle Royale,fd8f5e68-42d3-4544-a273-5fc92dabc568
Stream,Mode: Blackout,77e70c59-d6f9-44e7-a68e-608ebc173dbb
Stream,Mode: Campaign,7ecdb5ae-e036-402e-8663-edc77167d6df
Stream,Mode: Creative,e590393c-084e-42d4-ae17-e15c9158b0e8
Stream,Mode: Save the World,04c37d08-bdcb-42ed-a0c8-13191d2bce82
Stream,Mode: Spectator,a4c5e6a9-5164-4775-959e-06167dbfa2d0
Stream,Mode: Survival,292d76d1-b0a2-4175-a313-fdb2c970cd69
Stream,Mode: Zombies,60f44eae-0460-4cd4-b7cf-90567a031382
Stream,Moldova,50fef3f7-d386-4401-bd8d-dcff8021b1d5
Stream,Monaco,babdb838-af35-438b-9e24-2746619c24a0
Stream,Mongolia,afc3a4fb-de93-4d81-80f1-5d6de4d41692
Stream,Montenegro,cdaa8cdd-d5d6-4ff1-9d7f-fe9e0c6346c2
Stream,Montserrat,d034a2e6-4ebf-4b8c-844a-9bbcca56d9d3
Stream,Morocco,be1567f8-83d3-408d-9d68-4063cb5cf5e4
Stream,MotoGP,dd96fdae-1cd4-4599-a7c1-f6a3c90a1c66
Stream,Motorsports,6cb33655-173e-464e-baf8-780db60500d5
Stream,Movement Training,73645e21-02ae-4f39-bfb1-8dac623927ef
Stream,Mozambique,55564cb1-2cc9-4566-8c8e-acd9199e1b87
Stream,Multi-Table Tournament,692af1d4-da0f-4b9b-889b-2579adc53765
Stream,Multiplayer,ff56eeeb-99ed-4a60-93fc-0b3f05d8661e
Stream,Multiple Sclerosis,fe897a55-ab66-47b6-ace6-fbef298785e7
Stream,Multiracial,75057f79-cad6-4934-b129-67b1ea64e835
Stream,Music Events,c5247b10-deec-4d7a-84a5-db6a75cb5908
Stream,Music Production,ddb625af-5920-49cc-9f13-3716f87941dc
Stream,Music Talk,85d2fb8f-7257-4e08-8065-6161fa3029fa
Stream,Musician,325f7a22-26f4-4ad7-be48-f464de0b89ce
Stream,Muslim,b8530a6f-b080-4110-8f71-fcccf2994b5a
Stream,Myanmar,cb51f8d7-c32a-4bad-8824-766baa82df65
Stream,N-Gage,9f76f934-be53-486d-aa86-428e906a5e45
Stream,N64,645c9e30-2820-467b-9a4d-4d2ba0ecbb27
Stream,NA Server,353ab6ac-a0ee-404e-9bfa-217446b97718
Stream,Nail Art,e56c8206-64ca-4e25-ae38-f3732f49599d
Stream,Namibia,a09b100b-854d-4013-9503-fcc8f73a0592
Stream,Native American,921668b5-b2a1-4361-bf5a-a5409cf12003
Stream,Nauru,d7f7d678-aef0-4d68-bb29-061f2dbc5054
Stream,Nepal,e69681b6-524f-4380-8306-8eda03b0bd51
Stream,NES,0a222f96-4623-49ad-a998-122ca04e8405
Stream,Netherlands,6b97872d-3156-45ce-bd1a-807b33147cbd
Stream,Neurodivergent,15e4971b-c6f5-43f5-8d08-605247607067
Stream,Neurological Condition,8aa56459-ed08-4c50-b855-f7a3496262d9
Stream,Neutral Characters,d654ad53-a88a-4194-b3eb-ebb8654d17cf
Stream,New Caledonia,379d63bc-3374-4281-8dc6-a61a16ae1797
Stream,New Zealand,40323303-665a-4182-9554-f48006ce93d9
Stream,News,77017b7b-6b98-4f0d-bd39-3ba96b66ec7a
Stream,NG+,c67e3f4d-200f-4f75-a836-0420616054a7
Stream,Nicaragua,42667cfb-4f0c-49de-9d34-598f4b1c102c
Stream,Niger,0eadfeec-b3ea-4748-96ac-2fb9b073676f
Stream,Nigeria,4f09722e-8220-45aa-9394-42c5461586ef
Stream,Niue,71a5ce14-6368-4408-a4eb-8668e996c37a
Stream,No Backseating,69318d09-f132-4853-b4b6-09a0580f7092
Stream,No Damage,a5067bb9-0567-483b-88a6-7aa79985f272
Stream,No Limit,b638f288-a35b-4b46-921e-54f59612a844
Stream,No Major Glitches,d33671c6-d05b-44a6-a548-5d5930365882
Stream,No Out of Bounds,09bc088e-ba15-41dc-beab-17dbcb04c800
Stream,No Spoilers,eaba0ad7-c4e1-4878-b37f-01308dbb65c8
Stream,No-Hit,ef9137ad-2dd5-4ded-9f05-f30e0ed48fe8
Stream,Non-binary,8556813d-991f-4707-9728-af816831271e
Stream,Nonverbal,c61c3e4f-0603-4ad6-9ada-5e75a3192bb3
Stream,Norfolk Island,8447320e-5b89-47dc-9375-6dce7c10c035
Stream,North African,b0ce09a2-bb9e-4bd7-8117-708bcdeb6f28
Stream,North Macedonia,57c2d3ce-24f1-40ba-9283-43fdd5dd54a4
Stream,Northern Ireland,26901564-e855-4ba6-bc66-9640c7a1ab28
Stream,Northern Mariana Islands,a6b6fd9d-a59c-4faf-aea2-97aceb01f988
Stream,Norway,d5501bf8-6e6d-4242-9642-cdedcb684859
Stream,OCD,6fd5b307-df1b-414c-baa3-634cc6ca6940
Stream,Omaha Hold'em,59468cdb-d497-4d39-b423-4882f184b357
Stream,Oman,05d729e3-d14f-4c3b-b34a-7b8ce9ae5ce1
Stream,One-Shot Adventure,47d6503f-a62c-453d-8913-bbcbabeaac7f
Stream,Original Work,ba8a733b-9721-4980-812b-e40da19e860a
Stream,Outdoors,89e105c9-2c45-42a9-a5f0-fc1ea6e7ba8b
Stream,Pacific Islander,d9703483-1c28-4076-a2a3-ad63e02e95a1
Stream,Pacifist Run,3453ef8c-bc39-4811-8fb5-595e7b96fc47
Stream,Pagan,0e5f4740-98d0-44dd-bbc5-6019b26b4f63
Stream,Painting,1d3d4f9c-be88-44f3-8e80-3b0779308c64
Stream,Pakistan,05cc3d8e-3eb0-48f4-bdea-191443eed65b
Stream,Palau,3ab92892-f325-4a9f-b386-de6d5bd40cbf
Stream,Palestine,108f5e74-9531-465a-9a82-6e58d61251da
Stream,Panama,067a884f-c882-4b4e-ac43-fb63c7623810
Stream,Panromantic,425527e7-ae33-4014-b70e-42ffd841afb0
Stream,Pansexual,18994edf-0138-4eed-8a9a-de511eeefc59
Stream,Papercraft,b92810f0-0d48-4be6-90a3-766e53353ed7
Stream,Papua New Guinea,8140880f-c16e-4a7d-b830-3fc69d8a8f62
Stream,Paraguay,c708f27a-2cdf-4653-9c88-a8108ab3d571
Stream,Paraplegic,c9dbb4e5-e732-454d-a7d7-b098b9158f25
Stream,Parent,1277e554-f8c9-4795-a475-27418d7bd111
Stream,Party Game,13c95a9e-a17d-4225-b199-d08cb8e66f40
Stream,PAX,07e2c57f-86d3-43c9-b008-b04bfc9acc9d
Stream,PB Attempts,77a928f7-39da-4dad-9d81-3e6bd7a36e04
Stream,PC,54b544af-2d0e-4d17-a653-78e3f6fc1fc8
Stream,PC Building,b3d8d789-dd4d-4566-8a9b-62a182ada7d5
Stream,Perler,e582533d-dc1f-46bc-a94b-ac316a779635
Stream,Permadeath,e03c93a4-74ae-4358-8b3c-8189e5a1fbec
Stream,Persia,4a132284-d774-42a7-8f6c-28bb0b0d4aee
Stream,Persistent Campaign,d35073b8-0e52-4375-9f75-3dde0c567911
Stream,Peru,80af90df-e90c-48b5-94c7-bd33c0f8498f
Stream,Philippines,7f5b2121-83fb-4ac4-b289-1e11bc190395
Stream,Photo Mode,e22ac23e-c640-498b-b6a0-6e2009735497
Stream,Photography,e3c42c93-376e-4e8e-aa5d-c4e06a765416
Stream,PHP,60a9f03f-4c87-4307-be57-31c85347f0b6
Stream,Pickleball,e629f79f-a7ce-4934-a392-2495cbab7010
Stream,Pitcairn Islands,574169c3-20cf-4d2f-8021-f80064e7d869
Stream,Pixel Art,3c0a4e1f-6863-4dad-bb4e-538326306bef
Stream,Planning,36d4ba5f-0604-4f9f-b3d1-adac1a34b33b
Stream,Plants,b76cb377-f766-48a7-b148-88bcb3932017
Stream,Playing with Viewers,ac763b17-7bea-4632-9eb4-d106689ff409
Stream,PlayStation,b2c14e0a-3f57-43d5-b3c0-6e7e762eb1ff
Stream,Plural,11147548-2799-4e07-a8a2-d14560cddc69
Stream,Plus Size,a452d89d-1f41-484f-8426-3cb34bbaec66
Stream,Poker Mixed Games,423f9bc1-5b64-4355-8dfe-4d7466455ba2
Stream,Poland,340f150f-3371-4055-9350-5c559ea913ca
Stream,Polyamorous,06de7806-9ebd-4ad4-b7b7-89538c78d78b
Stream,Pop,744f1c0b-458e-4a12-a759-bfa2edb7c81a
Stream,Pop Culture,0cfc77a1-9f3f-4858-8847-4b00c7a9aa8b
Stream,Portugal,fe9d503e-a8a7-4301-8015-5034e42ad380
Stream,Postpartum,3a814cf4-fda7-4298-976a-17a3dca596c0
Stream,Pot Limit,c6a92e4a-827d-42c3-ac29-1f85c1209c60
Stream,Practice,04b4aaaa-c410-4c2e-9beb-da3896fc7d22
Stream,Pride 2022,5a4c4d3a-01d7-49e0-826a-a494a2cf176a
Stream,Programming,a59f1e4e-257b-4bd0-90c7-189c3efbf917
Stream,Protoss,8af6ae8f-949b-43cf-9ba6-61d4b90febf1
Stream,PS2,fe8f0f3e-96ba-4546-bb92-0da4b6b07ba8
Stream,PS3,2277dc26-2eac-4b93-8180-6564f2b43952
Stream,PS4,07eaf203-3ec4-4f99-8e06-dee484a5a50a
Stream,PS5,b3e0b8fd-5bc9-42cd-8663-c94c1bb4daa0
Stream,PSP,92df096b-0c62-49b9-a9c5-79e176e92ada
Stream,Psychosis,289b7a1b-de5f-4683-bcae-12503fbccc09
Stream,PTSD,08ce797c-fad2-44d0-8c90-05a99ed95339
Stream,Puerto Rican,7ef43332-90a0-4931-81f4-a74693a6c7d9
Stream,Puerto Rico,224aafb1-8915-4912-b49b-8163d54b60d1
Stream,Punk Music,8d131cac-82f2-4bc8-8a78-9c7aa045f4e2
Stream,PvE,79977fb9-f106-4a87-a386-f1b0f99783dd
Stream,PvP,8486f56b-8677-44f7-8004-000295391524
Stream,Pyrography,987b6325-fb45-40a4-a710-32b86221a06c
Stream,Python,d9861c1f-7414-4216-98a7-0dc4716aa04e
Stream,Qatar,fd15f0a5-b943-4aa5-97a2-0abc9856eba7
Stream,Quadriplegic,2e93809c-ec83-4c3d-a9de-2b8ad10e147f
Stream,Quadstick,2b84eec3-a6fd-492a-a1ba-ec8412cd6da8
Stream,Quebec,7acaeacc-42dc-41d4-b461-87468f1ad551
Stream,Queer,844102e5-5a43-42d6-ac49-de67946cafc5
Stream,Quilting,b0fe1976-afcd-4ea0-b55c-2d140cd2cd57
Stream,R&B,bfa85d5d-28f2-4faa-81ac-9fa8995fe188
Stream,Racing,653ad792-5ec6-4bd9-aeb6-8a70b32f1ee4
Stream,Radio,ffc3eb89-13e8-45cb-907f-4d9eb8f32d43
Stream,Raid Content,ce8e38a5-bd6b-4bab-b671-d7144d85b266
Stream,Randomizer,2fd30cb8-f2e5-415d-9d42-1316cfa61367
Stream,Ranked,e1a43486-eee5-4f36-9ee6-76e72af00180
Stream,Rap,19320835-e4e5-4561-9105-3517abd87879
Stream,Raquetball,385590ed-7334-40b0-a24e-4ae83489bffc
Stream,Reading Aloud,bd6fc011-575a-43f0-8418-9f912a295362
Stream,Recovery,1d5cace2-24ca-4e60-8be1-90941137a8ca
Stream,Reggae,6497804e-494c-427d-8e96-30da54e7b4ec
Stream,Rerun,0c7fba97-7a4e-4582-8515-f604027164db
Stream,Resin,3110eb48-3290-4e94-b1b9-13f0b04ac8ce
Stream,Retro,e027fb8b-219e-4959-8240-a4a082be0316
Stream,Réunion,b80a2c0d-3bca-4845-8cde-7c161bb12570
Stream,Robotics,56257f86-a66c-4ce8-af6d-89e9b1f13fed
Stream,Rock,f27da80e-b26a-447b-bcfa-b20ac049d333
Stream,Rockets,89d8bfd0-0b87-468e-b24b-086b2d3cd3c8
Stream,Roleplay,0cb7e377-a308-44e8-91f7-07eea1d96129
Stream,Roll and Move,76e1d57a-8bce-4f05-95df-02fd1e536fef
Stream,Romania,4d2bae82-b91d-4244-be4c-c4b4885f70a6
Stream,Routing,7ddba84a-594d-4a3f-9136-1484ce243d43
Stream,Rugby,1f6ffff7-a05c-429f-a377-345639296c41
Stream,Russia,a3cf86b7-90a4-409d-be29-e672c6c6e8fd
Stream,Rust,b23d8969-29f8-4f75-ad44-2772e3d28ec4
Stream,Rwanda,0c5f40a7-fbb5-48bf-9270-bd9d26561793
Stream,Saba,994f3fb9-26d0-413e-af0a-c06195db48b6
Stream,Safe Space,3575df89-da01-4fc1-939c-b5465093ed04
Stream,Sahrawi Arab Democratic Republic,976bba75-9299-4f01-a4e5-b0b4367aa640
Stream,Saint Barthelemy,ac6e9dff-6472-41c4-8aab-119984bfbb51
Stream,"Saint Helena, Ascension and Tristan da Cunha",3927c845-868d-4b76-a993-161b8c5b2f23
Stream,Saint Kitts and Nevis,09d8aa9f-cb57-42a4-85b1-6b194412dabf
Stream,Saint Lucia,adb2d6b9-a91c-4922-a546-db98c0f550d1
Stream,Saint Martin,aaef5772-4c71-4cba-81ad-e0a590fa484f
Stream,Saint Pierre and Miquelon,4b1fb40a-c47c-4aa7-944d-2d12604afb07
Stream,Saint Vincent,f882f108-05e4-45f9-8ba7-6a08c4011399
Stream,Samoa,8d4cbf40-f924-4596-a1cd-803e98153548
Stream,San Marino,bcbbcf57-e848-423e-9217-d18890cdc855
Stream,Sao Tome and Principe,3954f5a8-8567-4aaa-99dd-b4726c80d78c
Stream,Satanist,2de58b90-39a2-4d02-b57e-bd2d1899f4c3
Stream,Saturn,dfbf880d-56b8-4349-8386-1a96eb51d45a
Stream,Saudi Arabia,7c947950-3317-41b3-92e5-9f244acab5be
Stream,Scale Modeling,ea24c3ca-c351-4c6c-af02-2c44ef769d97
Stream,Schizophrenia,81835e5a-d4ec-4ca4-aacd-b750ab537034
Stream,Scotland,f5e42c79-41cd-44df-a8dd-6c7897694841
Stream,Sculpture,e844c795-5128-4ca0-a950-f64dabf5a324
Stream,Sega Master System,dfb0b43d-6106-4e88-84f2-5894645c2b9e
Stream,Senegal,4da0719f-db09-4525-bf3b-bdd1c8a75cfe
Stream,Sensory-friendly,9f907cb8-9147-4ec9-a1f9-6bac6a8956fd
Stream,Serbia,de85756f-670c-4455-8842-73e719e784c3
Stream,Sewing,0b122d41-1e9b-4086-9a42-1e7db94f1bd1
Stream,Seychelles,c45e4ded-6c2c-45a9-bfbf-504aaa7cd556
Stream,She/Her,83341063-b1f1-4340-a0c5-ffcad0257920
Stream,Shopping,f8629a4c-ecce-4eca-b8fe-31838605102c
Stream,Sidecasting / Watchalongs,864f2b86-b5d2-446d-bf3b-e1b34d3ca057
Stream,Sierra Leone,4517ba26-5eab-4834-81ad-ab407ee2c45b
Stream,Sikh,e7fa46ca-2362-4ac1-b7bb-5defa2e77c2a
Stream,Singapore,723836c5-8e00-43de-97c5-0fc64308d159
Stream,Singing,8c1ada77-52f0-4935-a1b0-a02dc65f28b4
Stream,Singleplayer,26301bb2-91a3-4272-8a9b-5bcea6db0fcd
Stream,Sint Eustatius,2e2c0408-34ff-4d8a-a6a8-43685b2e8c80
Stream,Sint Maarten,e6c54981-8ffa-4def-8fba-08aa5fdb3f94
Stream,Sit & Go,ea731a85-fd78-4cce-ab94-c71b2d0f9fc7
Stream,Skateboarding,fd6df368-7e76-4868-b9e9-b4f7cecc2f35
Stream,Skiing,a02d5827-5f04-43c8-b8d2-6c6ded6e6c88
Stream,Skincare,e0bec521-5ff6-49cf-bea3-f01051c1da18
Stream,Slovakia,bdd3d9ca-7284-4099-86af-2c36732f9b23
Stream,Slovenia,cb6764c2-596a-483c-93b3-7f5af09d093e
Stream,SNES,7da451ce-5b29-4847-a2e4-bbf8e5329804
Stream,Sober,f8100026-2be8-46cd-9ed6-b92904e47898
Stream,Social Eating,d4461e94-570b-4973-b6a1-3afe026c12ca
Stream,Software Development,6f86127d-6051-4a38-94bb-f7b475dde109
Stream,Solomon Islands,78609a5f-d757-4f4f-8f0b-b39bf18aab16
Stream,Solos,8282259b-a997-4c63-b908-24027f64ac9a
Stream,Somalia,ad748753-22be-4934-8239-a35d00360183
Stream,Somaliland,6082a3cb-a186-4d76-8a76-61450c101fb6
Stream,Soul Music,60c39042-60b6-49b9-8132-cf720b79c5bf
Stream,Sound Bath,79f7ba03-88bb-4688-bc49-3a6a71895b3b
Stream,South Africa,e458ab43-5fbc-4659-b7e0-1843b50744c8
Stream,South Asian,894d5021-4759-4924-b939-a32472642a03
Stream,South Georgia and the South Sandwich Islands,b36fc8e3-8df4-4691-aa26-c577411fbb22
Stream,South Ossetia,7ec1c068-0cb9-469d-bae7-0a3f18d1bbe1
Stream,South Sudan,985bedf4-a9da-4d9a-b403-06694fb649c1
Stream,Southeast Asian,5de65ee8-3079-4bdd-b3bf-a255727f8337
Stream,Spain,7b30388b-7381-4c4f-93b7-14050e03c1d6
Stream,Speech/Language Impairment,b8cc19b0-e436-4510-a5da-93df64c8a92a
Stream,Speedrun,7cefbf30-4c3e-4aa7-99cd-70aabb662f27
Stream,Spinal Cord Injury,e6ba26c4-1145-4787-b7e8-5a87671b1dc5
Stream,Spirituality,63f8ee17-1678-41ee-906a-8c55c3ce81df
Stream,Spoilers,0074af4d-eb56-4e57-89b6-07c39c63c9c4
Stream,Sport Talk,f38aa362-e2c9-48eb-9a82-13eeb14d1d5a
Stream,Spy x Family,271a8b67-9a9d-47e5-bed9-7effaa6b9401
Stream,Squads,2b2a4874-8a3c-4995-b9e2-2a0bce1eb536
Stream,Sri Lanka,5dffd6c2-27dc-4425-b80d-58f90ff8df51
Stream,St. Jude,74011d60-f364-4f56-ab7f-cde2662630dd
Stream,Stack Up,46a33c8e-d3c6-417b-bf77-2b43d74a9298
Stream,Standup Comedy,396aee63-bb8a-43c4-95da-98fca08e144b
Stream,Stationery,5a9c87a8-d601-4ca0-a0dd-f3f5dd03f2e2
Stream,Strength Training,07a1b526-3725-4ba5-8c53-efaad4941fb9
Stream,Sub-Saharan,8c199551-1c75-472d-acc3-d98d9f2d4d41
Stream,Sudan,e954f44e-ddd2-4a30-aa85-93d53cd869de
Stream,Surfing,8e44481a-4bc4-4155-b362-9bb499c15d3e
Stream,Suriname,dc5a2e38-3272-4295-b949-0f15a37ebee5
Stream,Svalbard,24526697-8533-4b26-96d0-fad8461ee2aa
Stream,Sweden,2574c042-42d3-4768-9067-e6b415aef9c3
Stream,Switch,08084448-fa4e-4489-b209-cb35fab99f92
Stream,Switzerland,591a48c3-8319-4286-8385-4e423f408d9a
Stream,Syria,b2f2e010-30ed-4b95-837f-63c4f40a16ea
Stream,Table Tennis,93c8adee-d831-46c1-ac12-3d320123a9b6
Stream,Taino,23d9e882-c2b0-425a-b1ec-ad3ce9f4a86f
Stream,Taiwan,ca25aef4-1626-40ae-ae7e-7cccb13c1988
Stream,Tajikistan,3c7a16e0-675e-4c7e-96cf-371f46044361
Stream,Tanzania,bd044b65-cf7a-4611-b2b6-c5de63b13d36
Stream,Taoist,35a7d18e-e6b7-4b22-a09f-18d0ba4152cb
Stream,TAS,0b83a789-5f6a-45f0-b6a3-a56926b6f8b5
Stream,Tattooing,55d222b4-0620-4791-97c5-e15b021bda63
Stream,Techno,c553e849-7019-479b-a14d-a78cd3462e9a
Stream,Tennis,2a00b8be-6e72-4832-b359-edd1f88ff80e
Stream,Terran,3982255a-4f55-4eeb-bf95-0dc4d170e4be
Stream,Tetraplegic,c2731536-db4e-49ab-bf3c-dd07c8093d53
Stream,Texas Hold'em,59389904-284b-4479-9d7d-e519d8fa8fb0
Stream,TGS,f831e32b-c9bd-4468-ba39-a74868885b18
Stream,Thailand,517085fe-2746-4e3c-a211-75d3ea5d9e9a
Stream,Theater,44edf4da-f267-40e3-b6c8-0a21bcee4ba7
Stream,They/Them,f6efe8d3-5d80-4cc4-bb5b-fc8428b451d0
Stream,Tobago,1fd07808-d46b-4e00-b23f-b9ba7a36c8c9
Stream,Togo,a4be2a61-ecc3-4164-82e1-460b61dbaeb6
Stream,Tokelau,a9685c59-a082-4d6a-bd8c-6cee8b60589c
Stream,Tonga,f544d524-ea24-4249-8604-c0dca0441d43
Stream,TortillaLand,87f96a03-e562-46b1-a9c1-9f0b1e04bc74
Stream,Tourette Syndrome,6a2c6a09-54a1-4daa-951c-f96bc48d1c1f
Stream,Tournament,b13ce7d5-d513-49ff-a957-76f193df42aa
Stream,Track & Field,ec62af85-818f-4491-b005-102bd0958db1
Stream,Traditional Art,5ec52c4f-a055-404c-82fe-ea98c74c7fe6
Stream,Traditional Dance,f05f75ed-2e5e-4cb3-91c9-a50ed2e5896a
Stream,Trance,0907a671-9f6f-4088-916a-52eda79d07d5
Stream,Transgender,c834d89e-1811-47ed-b429-395b6fbc7412
Stream,Travel,a6ff589a-33e5-4caf-8286-29dea98fc2e2
Stream,Trinidad,e0bfa1cf-eae4-490b-9a65-1b749651d13b
Stream,Tunisia,08544d35-d968-4f99-a8a3-e6f452abd6f2
Stream,Turkey,41999c17-eb6c-4231-93b3-2d9df3513cb0
Stream,Turkmenistan,47495d03-82ea-40d3-9063-b6129c70d9ec
Stream,Turks and Caicos Islands,061c8614-28ca-4873-9d58-4ffb1af69c4f
Stream,Tutorial,dc709206-c072-4340-a706-694578574c7e
Stream,Tuvalu,6eb487b1-3f7e-490e-82e0-801303a7fc6f
Stream,TwitchCon,f317a85e-495e-4aee-a0d2-0720bd00a6ce
Stream,Two-Spirit,7f266d0b-c953-4d2f-a849-d48cae221114
Stream,Type 1 Diabetes,4899ead4-3333-49ae-b93b-f459589a148f
Stream,Type 2 Diabetes,32ff9405-037e-40db-8e64-f6716343f58a
Stream,Uganda,5d066b0c-e7cf-4542-a09c-f48b875cd229
Stream,UI Design,02e394f0-6ace-4686-9b80-ace1862a03b6
Stream,UK,bf9831d8-bd81-4d8c-8180-a42991c83a24
Stream,Ukraine,d361ae0c-93c7-46af-8c66-71192de15d68
Stream,Unboxing,cd9ed640-426d-4a08-b8e0-417a61197264
Stream,United Arab Emirates,134f2627-8343-4a4e-afdf-09daa50279a6
Stream,Unity,cb8be71b-4d29-408e-b7bf-551ca26ea5b9
Stream,Unmodded,532af76e-eabd-451e-9709-cd1cc7653edb
Stream,Unreal Engine,bfedff64-c53a-4e6f-bda4-9eeb36dc8853
Stream,Uruguay,cb67cccb-d806-4fe1-993c-41b2bcbb80d4
Stream,USA,79713d37-6d2e-4953-b55b-8f47bb9caf72
Stream,UX Design,63fde30f-5320-40f6-b872-ea3cb42a3512
Stream,Uzbekistan,e9b0fdf4-4aed-4c9a-8dc4-a65b59d29d59
Stream,Vanuatu,758f21c9-74df-4321-8e5c-bcdc705f6447
Stream,Vatican City,b7ab3343-56f7-47e5-913a-6b884a26104c
Stream,Vector Art,f0ab2b07-14ed-4429-8ea3-3d7d400a50cd
Stream,Vegan,bfe9ba6a-7f49-4911-8a5e-c47ae4a5f094
Stream,Venezuela,3c5496df-54b0-43a5-bcb9-2bf1849e9fdd
Stream,Veteran,3d5c81dd-c48c-4e21-90d3-6bdcf365709c
Stream,Video Game Music,7aa98278-ee4b-46d7-9132-2c6c5551c8fe
Stream,Vietnam,6a77901a-cda5-4606-b5dd-c7eaef707ccf
Stream,Viewer Levels,fec05015-e841-4cff-a53c-8aa1336cf863
Stream,Virtual Boy,2b29c2e8-14b3-4cc2-ad28-a212a71be825
Stream,Visible Disability,9e0618f6-52ce-41fc-a808-aca38f32cc3e
Stream,Visual ASMR,77223888-8535-4614-974b-b1b2673456eb
Stream,Visually Impaired,b0be05c1-38a8-4eb9-8f6e-61524afce37d
Stream,Voice Acting,06ab147d-91b6-4c7f-83e4-2b337d2780d5
Stream,Volleyball,68d2ae00-e25f-4af6-be40-03245f0550e0
Stream,VR,ca470745-c1df-4c11-9474-9ab79dfc1863
Stream,Vtuber,52d7e4cc-633d-46f5-818c-bb59102d9549
Stream,Wales,6a184f98-a8bd-4c78-a169-c1309f983c7a
Stream,Wallis and Futuna,33ea95b6-b92d-4fc1-9dc8-b35165efc584
Stream,Wargame,dbe20395-0e44-4156-92de-4a77f6cdccf0
Stream,Warming Up,2920fbf2-293e-4753-8ec7-b69dba5392d0
Stream,Warpless,69e12d80-7199-4e0a-b6aa-f9b1dd058bc5
Stream,Weather,8b3b089d-aae5-4a00-8d10-b01a28451b08
Stream,Web Development,c23ce252-cf78-4b98-8c11-8769801aaf3a
Stream,Wheelchair,bee548ea-19ba-44d1-8d50-ab1c46f3e186
Stream,Wii,38d39fbd-ae5b-4e15-bd14-4710d8873df1
Stream,Winter Sports,9f3c36df-5b3c-4043-abbc-43c1dcd31047
Stream,Woman,dffe48c0-951f-4bc3-a4a6-77a556988b70
Stream,Woodwork,c0bfabb1-0a43-41a8-8f6c-c7c434ca18f9
Stream,Worker Placement,06291cf5-d4e1-4c16-afbd-bd4282416ebc
Stream,World Music,e525f885-ccc0-42dd-9b6e-0586f76fdb3c
Stream,Worldbuilding,218c5e0e-e3a9-4fab-9ad5-994717d226fd
Stream,WR Attempts,2b19c8f9-695f-4ea1-a5fe-eba176770dbc
Stream,Wrestling,7199189a-0569-4854-908e-08e6c3667379
Stream,Writing,81975ba3-5c53-41f8-b614-ce5b3193955a
Stream,Xbox,7bd3b060-94fb-4771-8e6c-123d782eac01
Stream,Xbox 360,de41bd39-3220-4bb7-a79c-50c46d769669
Stream,Xbox One,8dbbd76b-7570-4446-bdbf-668b04f5d569
Stream,Xbox Series S/X,8a73a184-b3f5-4a3d-84cb-834235c0b705
Stream,Yemen,d2817a56-0a50-4457-aa3f-f4d75c728765
Stream,Zambia,987dae1b-f612-4624-a47e-3a68c938927f
Stream,Zanzibar,64e46d60-a204-4257-95f1-24924b577e1e
Stream,Zerg,c7ce1f7c-b5d2-423c-bb33-e73c353d5e06
Stream,Zimbabwe,3a6f781a-a342-432a-bedc-e3428919933e
